epsilon,#F,TP,FN,FP,RTP,RTP_percent,recall_percent,precision_percent,f1_percent
0.1,4125,328,47,34,321,97.86585365853658,87.46666666666667,90.60773480662984,89.00949796472185
0.2,2603,1791,106,34,1750,97.71077610273589,94.41222983658409,98.13698630136986,96.23858140784525
0.3,654,3675,171,34,3560,96.87074829931973,95.55382215288611,99.0833108654624,97.2865651886168
0.4,188,4058,254,34,3723,91.7447018235584,94.10946196660483,99.16911045943304,96.573060447406
