split,TP,FN,FP,recall_percent,precision_percent,f1_percent
Training,2350,193,37,92.410538733779,98.44993715961458,95.33468559837729
Validation,462,24,6,95.06172839506173,98.71794871794873,96.85534591194968
